power_limit_mw,voltage_v,measured_mw,reading_index,timestamp_iso,status
5.000,0.0000,0.0042,0,2026-03-16T13:28:33.203840+00:00,OK
5.000,0.0500,0.0041,1,2026-03-16T13:28:34.219931+00:00,OK
5.000,0.1000,0.0040,2,2026-03-16T13:28:35.248882+00:00,OK
5.000,0.1500,0.0040,3,2026-03-16T13:28:36.261354+00:00,OK
5.000,0.2000,0.0040,4,2026-03-16T13:28:37.327133+00:00,OK
5.000,0.2500,0.0039,5,2026-03-16T13:28:38.384628+00:00,OK
5.000,0.3000,0.0039,6,2026-03-16T13:28:39.416285+00:00,OK
5.000,0.3500,0.0039,7,2026-03-16T13:28:40.463583+00:00,OK
5.000,0.4000,0.0039,8,2026-03-16T13:28:41.494438+00:00,OK
5.000,0.4500,0.0040,9,2026-03-16T13:28:42.554352+00:00,OK
5.000,0.5000,0.0049,10,2026-03-16T13:28:43.607302+00:00,OK
5.000,0.5500,0.0062,11,2026-03-16T13:28:44.659861+00:00,OK
5.000,0.6000,0.0081,12,2026-03-16T13:28:45.760180+00:00,OK
5.000,0.6500,0.0108,13,2026-03-16T13:28:46.826576+00:00,OK
5.000,0.7000,0.0147,14,2026-03-16T13:28:47.911878+00:00,OK
5.000,0.7500,0.0209,15,2026-03-16T13:28:48.996722+00:00,OK
5.000,0.8000,0.0317,16,2026-03-16T13:28:50.014757+00:00,OK
5.000,0.8500,0.0451,17,2026-03-16T13:28:51.082275+00:00,OK
5.000,0.9000,0.0527,18,2026-03-16T13:28:52.099626+00:00,OK
5.000,0.9500,0.0630,19,2026-03-16T13:28:53.149937+00:00,OK
5.000,1.0000,0.0778,20,2026-03-16T13:28:54.200653+00:00,OK
5.000,1.0500,0.1002,21,2026-03-16T13:28:55.268750+00:00,OK
5.000,1.1000,0.1351,22,2026-03-16T13:28:56.320803+00:00,OK
5.000,1.1500,0.1823,23,2026-03-16T13:28:57.371897+00:00,OK
5.000,1.2000,0.2425,24,2026-03-16T13:28:58.456155+00:00,OK
5.000,1.2500,0.3045,25,2026-03-16T13:28:59.506769+00:00,OK
5.000,1.3000,0.3676,26,2026-03-16T13:29:00.563962+00:00,OK
5.000,1.3500,0.4298,27,2026-03-16T13:29:01.659496+00:00,OK
5.000,1.4000,0.4919,28,2026-03-16T13:29:02.759872+00:00,OK
5.000,1.4500,0.5546,29,2026-03-16T13:29:03.850449+00:00,OK
5.000,1.5000,0.6182,30,2026-03-16T13:29:04.911851+00:00,OK
5.000,1.5500,0.6796,31,2026-03-16T13:29:05.947138+00:00,OK
5.000,1.6000,0.7436,32,2026-03-16T13:29:06.981512+00:00,OK
5.000,1.6500,0.8060,33,2026-03-16T13:29:08.031534+00:00,OK
5.000,1.7000,0.8704,34,2026-03-16T13:29:09.055450+00:00,OK
5.000,1.7500,0.9342,35,2026-03-16T13:29:10.101640+00:00,OK
5.000,1.8000,0.9984,36,2026-03-16T13:29:11.135684+00:00,OK
5.000,1.8500,1.0621,37,2026-03-16T13:29:12.203309+00:00,OK
5.000,1.9000,1.1265,38,2026-03-16T13:29:13.311131+00:00,OK
5.000,1.9500,1.1897,39,2026-03-16T13:29:14.371244+00:00,OK
5.000,2.0000,1.2533,40,2026-03-16T13:29:15.438978+00:00,OK
5.000,2.0500,1.3160,41,2026-03-16T13:29:16.507832+00:00,OK
5.000,2.1000,1.3804,42,2026-03-16T13:29:17.608120+00:00,OK
5.000,2.1500,1.4455,43,2026-03-16T13:29:18.660174+00:00,OK
5.000,2.2000,1.5095,44,2026-03-16T13:29:19.727635+00:00,OK
5.000,2.2500,1.5756,45,2026-03-16T13:29:20.819160+00:00,OK
5.000,2.3000,1.6408,46,2026-03-16T13:29:21.895717+00:00,OK
5.000,2.3500,1.7059,47,2026-03-16T13:29:22.962820+00:00,OK
5.000,2.4000,1.7700,48,2026-03-16T13:29:24.014477+00:00,OK
5.000,2.4500,1.8357,49,2026-03-16T13:29:25.081757+00:00,OK
5.000,2.5000,1.8856,50,2026-03-16T13:29:26.116813+00:00,OK
5.000,2.5500,1.8869,51,2026-03-16T13:29:27.168793+00:00,OK
5.000,2.6000,1.8870,52,2026-03-16T13:29:28.252859+00:00,OK
5.000,2.6500,1.8863,53,2026-03-16T13:29:29.321129+00:00,OK
5.000,2.7000,1.8867,54,2026-03-16T13:29:30.370361+00:00,OK
5.000,2.7500,1.8870,55,2026-03-16T13:29:31.455383+00:00,OK
5.000,2.8000,1.8862,56,2026-03-16T13:29:32.523101+00:00,OK
5.000,2.8500,1.8863,57,2026-03-16T13:29:33.564779+00:00,OK
5.000,2.9000,1.8866,58,2026-03-16T13:29:34.625914+00:00,OK
5.000,2.9500,1.8866,59,2026-03-16T13:29:35.710307+00:00,OK
5.000,3.0000,1.8869,60,2026-03-16T13:29:36.777255+00:00,OK
10.000,0.0000,0.0040,61,2026-03-16T13:29:38.278332+00:00,OK
10.000,0.0500,0.0040,62,2026-03-16T13:29:39.329916+00:00,OK
10.000,0.1000,0.0039,63,2026-03-16T13:29:40.413846+00:00,OK
10.000,0.1500,0.0039,64,2026-03-16T13:29:41.464842+00:00,OK
10.000,0.2000,0.0039,65,2026-03-16T13:29:42.540386+00:00,OK
10.000,0.2500,0.0051,66,2026-03-16T13:29:43.583688+00:00,OK
10.000,0.3000,0.0086,67,2026-03-16T13:29:44.652052+00:00,OK
10.000,0.3500,0.0160,68,2026-03-16T13:29:45.719081+00:00,OK
10.000,0.4000,0.0359,69,2026-03-16T13:29:46.771719+00:00,OK
10.000,0.4500,0.0552,70,2026-03-16T13:29:47.821925+00:00,OK
10.000,0.5000,0.0833,71,2026-03-16T13:29:48.872628+00:00,OK
10.000,0.5500,0.1472,72,2026-03-16T13:29:49.957937+00:00,OK
10.000,0.6000,0.2613,73,2026-03-16T13:29:51.012796+00:00,OK
10.000,0.6500,0.3865,74,2026-03-16T13:29:52.059053+00:00,OK
10.000,0.7000,0.5133,75,2026-03-16T13:29:53.112127+00:00,OK
10.000,0.7500,0.6402,76,2026-03-16T13:29:54.178062+00:00,OK
10.000,0.8000,0.7684,77,2026-03-16T13:29:55.245910+00:00,OK
10.000,0.8500,0.8979,78,2026-03-16T13:29:56.280694+00:00,OK
10.000,0.9000,1.0286,79,2026-03-16T13:29:57.323413+00:00,OK
10.000,0.9500,1.1594,80,2026-03-16T13:29:58.398445+00:00,OK
10.000,1.0000,1.2905,81,2026-03-16T13:29:59.444477+00:00,OK
10.000,1.0500,1.4216,82,2026-03-16T13:30:00.464353+00:00,OK
10.000,1.1000,1.5523,83,2026-03-16T13:30:01.516210+00:00,OK
10.000,1.1500,1.6825,84,2026-03-16T13:30:02.603292+00:00,OK
10.000,1.2000,1.8127,85,2026-03-16T13:30:03.610935+00:00,OK
10.000,1.2500,1.9438,86,2026-03-16T13:30:04.690444+00:00,OK
10.000,1.3000,2.0753,87,2026-03-16T13:30:05.758964+00:00,OK
10.000,1.3500,2.2064,88,2026-03-16T13:30:06.866731+00:00,OK
10.000,1.4000,2.3424,89,2026-03-16T13:30:07.937359+00:00,OK
10.000,1.4500,2.4721,90,2026-03-16T13:30:09.020265+00:00,OK
10.000,1.5000,2.6032,91,2026-03-16T13:30:10.093619+00:00,OK
10.000,1.5500,2.7306,92,2026-03-16T13:30:11.128123+00:00,OK
10.000,1.6000,2.8611,93,2026-03-16T13:30:12.162338+00:00,OK
10.000,1.6500,2.9914,94,2026-03-16T13:30:13.196792+00:00,OK
10.000,1.7000,3.1221,95,2026-03-16T13:30:14.231525+00:00,OK
10.000,1.7500,3.2520,96,2026-03-16T13:30:15.248776+00:00,OK
10.000,1.8000,3.3848,97,2026-03-16T13:30:16.267705+00:00,OK
10.000,1.8500,3.5167,98,2026-03-16T13:30:17.322161+00:00,OK
10.000,1.9000,3.6472,99,2026-03-16T13:30:18.410309+00:00,OK
10.000,1.9500,3.7757,100,2026-03-16T13:30:19.454316+00:00,OK
10.000,2.0000,3.9066,101,2026-03-16T13:30:20.521041+00:00,OK
10.000,2.0500,4.0352,102,2026-03-16T13:30:21.623329+00:00,OK
10.000,2.1000,4.1679,103,2026-03-16T13:30:22.723803+00:00,OK
10.000,2.1500,4.3004,104,2026-03-16T13:30:23.824738+00:00,OK
10.000,2.2000,4.4329,105,2026-03-16T13:30:24.925217+00:00,OK
10.000,2.2500,4.5679,106,2026-03-16T13:30:25.978083+00:00,OK
10.000,2.3000,4.7005,107,2026-03-16T13:30:27.028005+00:00,OK
10.000,2.3500,4.8328,108,2026-03-16T13:30:28.087044+00:00,OK
10.000,2.4000,4.9641,109,2026-03-16T13:30:29.114254+00:00,OK
10.000,2.4500,5.0995,110,2026-03-16T13:30:30.163725+00:00,OK
10.000,2.5000,5.2031,111,2026-03-16T13:30:31.203176+00:00,OK
10.000,2.5500,5.2047,112,2026-03-16T13:30:32.252298+00:00,OK
10.000,2.6000,5.2039,113,2026-03-16T13:30:33.365814+00:00,OK
10.000,2.6500,5.2053,114,2026-03-16T13:30:34.418558+00:00,OK
10.000,2.7000,5.2045,115,2026-03-16T13:30:35.520956+00:00,OK
10.000,2.7500,5.2054,116,2026-03-16T13:30:36.554802+00:00,OK
10.000,2.8000,5.2057,117,2026-03-16T13:30:37.621831+00:00,OK
10.000,2.8500,5.2051,118,2026-03-16T13:30:38.708048+00:00,OK
10.000,2.9000,5.2064,119,2026-03-16T13:30:39.776172+00:00,OK
10.000,2.9500,5.2051,120,2026-03-16T13:30:40.826297+00:00,OK
10.000,3.0000,5.2052,121,2026-03-16T13:30:41.884083+00:00,OK
15.000,0.0000,0.0041,122,2026-03-16T13:30:43.411036+00:00,OK
15.000,0.0500,0.0040,123,2026-03-16T13:30:44.521498+00:00,OK
15.000,0.1000,0.0040,124,2026-03-16T13:30:45.612965+00:00,OK
15.000,0.1500,0.0042,125,2026-03-16T13:30:46.665394+00:00,OK
15.000,0.2000,0.0090,126,2026-03-16T13:30:47.764847+00:00,OK
15.000,0.2500,0.0243,127,2026-03-16T13:30:48.816513+00:00,OK
15.000,0.3000,0.0565,128,2026-03-16T13:30:49.900736+00:00,OK
15.000,0.3500,0.1138,129,2026-03-16T13:30:50.918210+00:00,OK
15.000,0.4000,0.2721,130,2026-03-16T13:30:51.969629+00:00,OK
15.000,0.4500,0.4598,131,2026-03-16T13:30:53.053850+00:00,OK
15.000,0.5000,0.6508,132,2026-03-16T13:30:54.105861+00:00,OK
15.000,0.5500,0.8439,133,2026-03-16T13:30:55.157252+00:00,OK
15.000,0.6000,1.0383,134,2026-03-16T13:30:56.207930+00:00,OK
15.000,0.6500,1.2332,135,2026-03-16T13:30:57.275704+00:00,OK
15.000,0.7000,1.4292,136,2026-03-16T13:30:58.326998+00:00,OK
15.000,0.7500,1.6258,137,2026-03-16T13:30:59.393765+00:00,OK
15.000,0.8000,1.8211,138,2026-03-16T13:31:00.469253+00:00,OK
15.000,0.8500,2.0186,139,2026-03-16T13:31:01.546680+00:00,OK
15.000,0.9000,2.2168,140,2026-03-16T13:31:02.580985+00:00,OK
15.000,0.9500,2.4188,141,2026-03-16T13:31:03.618736+00:00,OK
15.000,1.0000,2.6167,142,2026-03-16T13:31:04.699056+00:00,OK
15.000,1.0500,2.8148,143,2026-03-16T13:31:05.768082+00:00,OK
15.000,1.1000,3.0119,144,2026-03-16T13:31:06.872009+00:00,OK
15.000,1.1500,3.2091,145,2026-03-16T13:31:07.968605+00:00,OK
15.000,1.2000,3.4063,146,2026-03-16T13:31:09.069686+00:00,OK
15.000,1.2500,3.6039,147,2026-03-16T13:31:10.155055+00:00,OK
15.000,1.3000,3.8031,148,2026-03-16T13:31:11.205497+00:00,OK
15.000,1.3500,4.0012,149,2026-03-16T13:31:12.239298+00:00,OK
15.000,1.4000,4.1992,150,2026-03-16T13:31:13.291113+00:00,OK
15.000,1.4500,4.3976,151,2026-03-16T13:31:14.358494+00:00,OK
15.000,1.5000,4.5994,152,2026-03-16T13:31:15.426206+00:00,OK
15.000,1.5500,4.7901,153,2026-03-16T13:31:16.493947+00:00,OK
15.000,1.6000,4.9896,154,2026-03-16T13:31:17.562886+00:00,OK
15.000,1.6500,5.1860,155,2026-03-16T13:31:18.596316+00:00,OK
15.000,1.7000,5.3864,156,2026-03-16T13:31:19.663946+00:00,OK
15.000,1.7500,5.5842,157,2026-03-16T13:31:20.699630+00:00,OK
15.000,1.8000,5.7845,158,2026-03-16T13:31:21.782556+00:00,OK
15.000,1.8500,5.9839,159,2026-03-16T13:31:22.800685+00:00,OK
15.000,1.9000,6.1840,160,2026-03-16T13:31:23.850962+00:00,OK
15.000,1.9500,6.3797,161,2026-03-16T13:31:24.919244+00:00,OK
15.000,2.0000,6.5775,162,2026-03-16T13:31:25.986485+00:00,OK
15.000,2.0500,6.7735,163,2026-03-16T13:31:27.004224+00:00,OK
15.000,2.1000,6.9737,164,2026-03-16T13:31:28.079781+00:00,OK
15.000,2.1500,7.1758,165,2026-03-16T13:31:29.140036+00:00,OK
15.000,2.2000,7.3753,166,2026-03-16T13:31:30.174634+00:00,OK
15.000,2.2500,7.5799,167,2026-03-16T13:31:31.208350+00:00,OK
15.000,2.3000,7.7846,168,2026-03-16T13:31:32.259372+00:00,OK
15.000,2.3500,7.9848,169,2026-03-16T13:31:33.295046+00:00,OK
15.000,2.4000,8.1842,170,2026-03-16T13:31:34.311489+00:00,OK
15.000,2.4500,8.3891,171,2026-03-16T13:31:35.366753+00:00,OK
15.000,2.5000,8.5461,172,2026-03-16T13:31:36.413941+00:00,OK
15.000,2.5500,8.5482,173,2026-03-16T13:31:37.515075+00:00,OK
15.000,2.6000,8.5485,174,2026-03-16T13:31:38.616153+00:00,OK
15.000,2.6500,8.5488,175,2026-03-16T13:31:39.656743+00:00,OK
15.000,2.7000,8.5491,176,2026-03-16T13:31:40.751595+00:00,OK
15.000,2.7500,8.5492,177,2026-03-16T13:31:41.802233+00:00,OK
15.000,2.8000,8.5483,178,2026-03-16T13:31:42.853819+00:00,OK
15.000,2.8500,8.5492,179,2026-03-16T13:31:43.921492+00:00,OK
15.000,2.9000,8.5482,180,2026-03-16T13:31:45.005854+00:00,OK
15.000,2.9500,8.5484,181,2026-03-16T13:31:46.006922+00:00,OK
15.000,3.0000,8.5470,182,2026-03-16T13:31:47.058730+00:00,OK
20.000,0.0000,0.0041,183,2026-03-16T13:31:48.592780+00:00,OK
20.000,0.0500,0.0040,184,2026-03-16T13:31:49.728304+00:00,OK
20.000,0.1000,0.0040,185,2026-03-16T13:31:50.778337+00:00,OK
20.000,0.1500,0.0077,186,2026-03-16T13:31:51.829412+00:00,OK
20.000,0.2000,0.0268,187,2026-03-16T13:31:52.897245+00:00,OK
20.000,0.2500,0.0689,188,2026-03-16T13:31:53.998284+00:00,OK
20.000,0.3000,0.1997,189,2026-03-16T13:31:55.099113+00:00,OK
20.000,0.3500,0.4396,190,2026-03-16T13:31:56.200424+00:00,OK
20.000,0.4000,0.6797,191,2026-03-16T13:31:57.317986+00:00,OK
20.000,0.4500,0.9256,192,2026-03-16T13:31:58.402778+00:00,OK
20.000,0.5000,1.1740,193,2026-03-16T13:31:59.470798+00:00,OK
20.000,0.5500,1.4216,194,2026-03-16T13:32:00.588062+00:00,OK
20.000,0.6000,1.6692,195,2026-03-16T13:32:01.622997+00:00,OK
20.000,0.6500,1.9174,196,2026-03-16T13:32:02.673805+00:00,OK
20.000,0.7000,2.1677,197,2026-03-16T13:32:03.775089+00:00,OK
20.000,0.7500,2.4236,198,2026-03-16T13:32:04.825897+00:00,OK
20.000,0.8000,2.6711,199,2026-03-16T13:32:05.910422+00:00,OK
20.000,0.8500,2.9225,200,2026-03-16T13:32:06.969105+00:00,OK
20.000,0.9000,3.1730,201,2026-03-16T13:32:08.012459+00:00,OK
20.000,0.9500,3.4257,202,2026-03-16T13:32:09.064505+00:00,OK
20.000,1.0000,3.6768,203,2026-03-16T13:32:10.098496+00:00,OK
20.000,1.0500,3.9302,204,2026-03-16T13:32:11.165405+00:00,OK
20.000,1.1000,4.1826,205,2026-03-16T13:32:12.250455+00:00,OK
20.000,1.1500,4.4349,206,2026-03-16T13:32:13.318061+00:00,OK
20.000,1.2000,4.6863,207,2026-03-16T13:32:14.402323+00:00,OK
20.000,1.2500,4.9399,208,2026-03-16T13:32:15.402792+00:00,OK
20.000,1.3000,5.1941,209,2026-03-16T13:32:16.437753+00:00,OK
20.000,1.3500,5.4483,210,2026-03-16T13:32:17.456225+00:00,OK
20.000,1.4000,5.6973,211,2026-03-16T13:32:18.508326+00:00,OK
20.000,1.4500,5.9530,212,2026-03-16T13:32:19.574243+00:00,OK
20.000,1.5000,6.2098,213,2026-03-16T13:32:20.658155+00:00,OK
20.000,1.5500,6.4559,214,2026-03-16T13:32:21.743290+00:00,OK
20.000,1.6000,6.7101,215,2026-03-16T13:32:22.828530+00:00,OK
20.000,1.6500,6.9583,216,2026-03-16T13:32:23.894760+00:00,OK
20.000,1.7000,7.2152,217,2026-03-16T13:32:24.913847+00:00,OK
20.000,1.7500,7.4671,218,2026-03-16T13:32:26.014348+00:00,OK
20.000,1.8000,7.7214,219,2026-03-16T13:32:27.099266+00:00,OK
20.000,1.8500,7.9755,220,2026-03-16T13:32:28.166944+00:00,OK
20.000,1.9000,8.2301,221,2026-03-16T13:32:29.267097+00:00,OK
20.000,1.9500,8.4801,222,2026-03-16T13:32:30.301917+00:00,OK
20.000,2.0000,8.7312,223,2026-03-16T13:32:31.402656+00:00,OK
20.000,2.0500,8.9814,224,2026-03-16T13:32:32.487418+00:00,OK
20.000,2.1000,9.2383,225,2026-03-16T13:32:33.538309+00:00,OK
20.000,2.1500,9.4942,226,2026-03-16T13:32:34.595675+00:00,OK
20.000,2.2000,9.7502,227,2026-03-16T13:32:35.656784+00:00,OK
20.000,2.2500,10.0098,228,2026-03-16T13:32:36.708147+00:00,OK
20.000,2.3000,10.2698,229,2026-03-16T13:32:37.766224+00:00,OK
20.000,2.3500,10.5271,230,2026-03-16T13:32:38.860015+00:00,OK
20.000,2.4000,10.7800,231,2026-03-16T13:32:39.911408+00:00,OK
20.000,2.4500,11.0377,232,2026-03-16T13:32:40.946746+00:00,OK
20.000,2.5000,11.2408,233,2026-03-16T13:32:42.046954+00:00,OK
20.000,2.5500,11.2427,234,2026-03-16T13:32:43.097226+00:00,OK
20.000,2.6000,11.2415,235,2026-03-16T13:32:44.149085+00:00,OK
20.000,2.6500,11.2420,236,2026-03-16T13:32:45.200024+00:00,OK
20.000,2.7000,11.2410,237,2026-03-16T13:32:46.267757+00:00,OK
20.000,2.7500,11.2416,238,2026-03-16T13:32:47.353351+00:00,OK
20.000,2.8000,11.2410,239,2026-03-16T13:32:48.403170+00:00,OK
20.000,2.8500,11.2416,240,2026-03-16T13:32:49.461617+00:00,OK
20.000,2.9000,11.2414,241,2026-03-16T13:32:50.522285+00:00,OK
20.000,2.9500,11.2437,242,2026-03-16T13:32:51.607444+00:00,OK
20.000,3.0000,11.2430,243,2026-03-16T13:32:52.674335+00:00,OK
25.000,0.0000,0.0042,244,2026-03-16T13:32:54.225620+00:00,OK
25.000,0.0500,0.0040,245,2026-03-16T13:32:55.360050+00:00,OK
25.000,0.1000,0.0045,246,2026-03-16T13:32:56.411161+00:00,OK
25.000,0.1500,0.0157,247,2026-03-16T13:32:57.462517+00:00,OK
25.000,0.2000,0.0613,248,2026-03-16T13:32:58.563460+00:00,OK
25.000,0.2500,0.2136,249,2026-03-16T13:32:59.648663+00:00,OK
25.000,0.3000,0.5037,250,2026-03-16T13:33:00.715664+00:00,OK
25.000,0.3500,0.8001,251,2026-03-16T13:33:01.801589+00:00,OK
25.000,0.4000,1.0981,252,2026-03-16T13:33:02.850918+00:00,OK
25.000,0.4500,1.3993,253,2026-03-16T13:33:03.902006+00:00,OK
25.000,0.5000,1.7011,254,2026-03-16T13:33:04.969941+00:00,OK
25.000,0.5500,2.0032,255,2026-03-16T13:33:06.104545+00:00,OK
25.000,0.6000,2.3097,256,2026-03-16T13:33:07.155090+00:00,OK
25.000,0.6500,2.6096,257,2026-03-16T13:33:08.223224+00:00,OK
25.000,0.7000,2.9144,258,2026-03-16T13:33:09.274142+00:00,OK
25.000,0.7500,3.2184,259,2026-03-16T13:33:10.308419+00:00,OK
25.000,0.8000,3.5227,260,2026-03-16T13:33:11.376372+00:00,OK
25.000,0.8500,3.8272,261,2026-03-16T13:33:12.427358+00:00,OK
25.000,0.9000,4.1342,262,2026-03-16T13:33:13.464479+00:00,OK
25.000,0.9500,4.4420,263,2026-03-16T13:33:14.562690+00:00,OK
25.000,1.0000,4.7488,264,2026-03-16T13:33:15.663938+00:00,OK
25.000,1.0500,5.0559,265,2026-03-16T13:33:16.748212+00:00,OK
25.000,1.1000,5.3638,266,2026-03-16T13:33:17.815741+00:00,OK
25.000,1.1500,5.6705,267,2026-03-16T13:33:18.850258+00:00,OK
25.000,1.2000,5.9754,268,2026-03-16T13:33:19.918101+00:00,OK
25.000,1.2500,6.2869,269,2026-03-16T13:33:20.970307+00:00,OK
25.000,1.3000,6.5940,270,2026-03-16T13:33:22.071221+00:00,OK
25.000,1.3500,6.9039,271,2026-03-16T13:33:23.104798+00:00,OK
25.000,1.4000,7.2100,272,2026-03-16T13:33:24.155657+00:00,OK
25.000,1.4500,7.5200,273,2026-03-16T13:33:25.206604+00:00,OK
25.000,1.5000,7.8311,274,2026-03-16T13:33:26.257378+00:00,OK
25.000,1.5500,8.1320,275,2026-03-16T13:33:27.331936+00:00,OK
25.000,1.6000,8.4402,276,2026-03-16T13:33:28.360751+00:00,OK
25.000,1.6500,8.7445,277,2026-03-16T13:33:29.393943+00:00,OK
25.000,1.7000,9.0552,278,2026-03-16T13:33:30.449841+00:00,OK
25.000,1.7500,9.3608,279,2026-03-16T13:33:31.487024+00:00,OK
25.000,1.8000,9.6736,280,2026-03-16T13:33:32.550730+00:00,OK
25.000,1.8500,9.9820,281,2026-03-16T13:33:33.632769+00:00,OK
25.000,1.9000,10.2922,282,2026-03-16T13:33:34.667525+00:00,OK
25.000,1.9500,10.5950,283,2026-03-16T13:33:35.734968+00:00,OK
25.000,2.0000,10.9025,284,2026-03-16T13:33:36.834546+00:00,OK
25.000,2.0500,11.2077,285,2026-03-16T13:33:37.902262+00:00,OK
25.000,2.1000,11.5166,286,2026-03-16T13:33:38.905066+00:00,OK
25.000,2.1500,11.8281,287,2026-03-16T13:33:39.938021+00:00,OK
25.000,2.2000,12.1341,288,2026-03-16T13:33:40.972661+00:00,OK
25.000,2.2500,12.4579,289,2026-03-16T13:33:42.024240+00:00,OK
25.000,2.3000,12.7639,290,2026-03-16T13:33:43.091498+00:00,OK
25.000,2.3500,13.0807,291,2026-03-16T13:33:44.111001+00:00,OK
25.000,2.4000,13.3837,292,2026-03-16T13:33:45.160260+00:00,OK
25.000,2.4500,13.7064,293,2026-03-16T13:33:46.215352+00:00,OK
25.000,2.5000,13.9396,294,2026-03-16T13:33:47.278692+00:00,OK
25.000,2.5500,13.9457,295,2026-03-16T13:33:48.313986+00:00,OK
25.000,2.6000,13.9465,296,2026-03-16T13:33:49.408673+00:00,OK
25.000,2.6500,13.9436,297,2026-03-16T13:33:50.467040+00:00,OK
25.000,2.7000,13.9440,298,2026-03-16T13:33:51.565921+00:00,OK
25.000,2.7500,13.9466,299,2026-03-16T13:33:52.671378+00:00,OK
25.000,2.8000,13.9461,300,2026-03-16T13:33:53.701998+00:00,OK
25.000,2.8500,13.9438,301,2026-03-16T13:33:54.802918+00:00,OK
25.000,2.9000,13.9452,302,2026-03-16T13:33:55.870627+00:00,OK
25.000,2.9500,13.9463,303,2026-03-16T13:33:56.955805+00:00,OK
25.000,3.0000,13.9462,304,2026-03-16T13:33:58.072626+00:00,OK
30.000,0.0000,0.0042,305,2026-03-16T13:33:59.574106+00:00,OK
30.000,0.0500,0.0041,306,2026-03-16T13:34:00.708497+00:00,OK
30.000,0.1000,0.0066,307,2026-03-16T13:34:01.743836+00:00,OK
30.000,0.1500,0.0429,308,2026-03-16T13:34:02.815071+00:00,OK
30.000,0.2000,0.1390,309,2026-03-16T13:34:03.912010+00:00,OK
30.000,0.2500,0.4665,310,2026-03-16T13:34:05.046016+00:00,OK
30.000,0.3000,0.8141,311,2026-03-16T13:34:06.065447+00:00,OK
30.000,0.3500,1.1684,312,2026-03-16T13:34:07.165068+00:00,OK
30.000,0.4000,1.5199,313,2026-03-16T13:34:08.199759+00:00,OK
30.000,0.4500,1.8739,314,2026-03-16T13:34:09.300596+00:00,OK
30.000,0.5000,2.2304,315,2026-03-16T13:34:10.368511+00:00,OK
30.000,0.5500,2.5898,316,2026-03-16T13:34:11.435893+00:00,OK
30.000,0.6000,2.9431,317,2026-03-16T13:34:12.487294+00:00,OK
30.000,0.6500,3.2999,318,2026-03-16T13:34:13.504510+00:00,OK
30.000,0.7000,3.6574,319,2026-03-16T13:34:14.555951+00:00,OK
30.000,0.7500,4.0168,320,2026-03-16T13:34:15.589981+00:00,OK
30.000,0.8000,4.3728,321,2026-03-16T13:34:16.624755+00:00,OK
30.000,0.8500,4.7340,322,2026-03-16T13:34:17.658701+00:00,OK
30.000,0.9000,5.0957,323,2026-03-16T13:34:18.700966+00:00,OK
30.000,0.9500,5.4574,324,2026-03-16T13:34:19.748529+00:00,OK
30.000,1.0000,5.8179,325,2026-03-16T13:34:20.849331+00:00,OK
30.000,1.0500,6.1813,326,2026-03-16T13:34:21.903421+00:00,OK
30.000,1.1000,6.5455,327,2026-03-16T13:34:23.012702+00:00,OK
30.000,1.1500,6.9055,328,2026-03-16T13:34:24.115732+00:00,OK
30.000,1.2000,7.2644,329,2026-03-16T13:34:25.199880+00:00,OK
30.000,1.2500,7.6322,330,2026-03-16T13:34:26.283926+00:00,OK
30.000,1.3000,7.9933,331,2026-03-16T13:34:27.302422+00:00,OK
30.000,1.3500,8.3578,332,2026-03-16T13:34:28.336095+00:00,OK
30.000,1.4000,8.7180,333,2026-03-16T13:34:29.345386+00:00,OK
30.000,1.4500,9.0845,334,2026-03-16T13:34:30.404990+00:00,OK
30.000,1.5000,9.4521,335,2026-03-16T13:34:31.455895+00:00,OK
30.000,1.5500,9.8053,336,2026-03-16T13:34:32.501548+00:00,OK
30.000,1.6000,10.1693,337,2026-03-16T13:34:33.558569+00:00,OK
30.000,1.6500,10.5280,338,2026-03-16T13:34:34.608867+00:00,OK
30.000,1.7000,10.8945,339,2026-03-16T13:34:35.661447+00:00,OK
30.000,1.7500,11.2539,340,2026-03-16T13:34:36.753477+00:00,OK
30.000,1.8000,11.6195,341,2026-03-16T13:34:37.879330+00:00,OK
30.000,1.8500,11.9867,342,2026-03-16T13:34:38.948449+00:00,OK
30.000,1.9000,12.3460,343,2026-03-16T13:34:39.998047+00:00,OK
30.000,1.9500,12.7064,344,2026-03-16T13:34:41.049170+00:00,OK
30.000,2.0000,13.0639,345,2026-03-16T13:34:42.117063+00:00,OK
30.000,2.0500,13.4196,346,2026-03-16T13:34:43.184670+00:00,OK
30.000,2.1000,13.7853,347,2026-03-16T13:34:44.253547+00:00,OK
30.000,2.1500,14.1449,348,2026-03-16T13:34:45.303135+00:00,OK
30.000,2.2000,14.5178,349,2026-03-16T13:34:46.354579+00:00,OK
30.000,2.2500,14.8816,350,2026-03-16T13:34:47.406464+00:00,OK
30.000,2.3000,15.2516,351,2026-03-16T13:34:48.457940+00:00,OK
30.000,2.3500,15.6201,352,2026-03-16T13:34:49.490738+00:00,OK
30.000,2.4000,15.9716,353,2026-03-16T13:34:50.541858+00:00,OK
30.000,2.4500,16.3515,354,2026-03-16T13:34:51.594025+00:00,OK
30.000,2.5000,16.6217,355,2026-03-16T13:34:52.658173+00:00,OK
30.000,2.5500,16.6282,356,2026-03-16T13:34:53.763682+00:00,OK
30.000,2.6000,16.6284,357,2026-03-16T13:34:54.862712+00:00,OK
30.000,2.6500,16.6284,358,2026-03-16T13:34:55.946843+00:00,OK
30.000,2.7000,16.6258,359,2026-03-16T13:34:57.016371+00:00,OK
30.000,2.7500,16.6282,360,2026-03-16T13:34:58.122618+00:00,OK
30.000,2.8000,16.6300,361,2026-03-16T13:34:59.217504+00:00,OK
30.000,2.8500,16.6275,362,2026-03-16T13:35:00.301796+00:00,OK
30.000,2.9000,16.6284,363,2026-03-16T13:35:01.352599+00:00,OK
30.000,2.9500,16.6257,364,2026-03-16T13:35:02.424567+00:00,OK
30.000,3.0000,16.6253,365,2026-03-16T13:35:03.471689+00:00,OK
40.000,0.0000,0.0042,366,2026-03-16T13:35:04.989883+00:00,OK
40.000,0.0500,0.0041,367,2026-03-16T13:35:06.090597+00:00,OK
40.000,0.1000,0.0181,368,2026-03-16T13:35:07.158658+00:00,OK
40.000,0.1500,0.1217,369,2026-03-16T13:35:08.261256+00:00,OK
40.000,0.2000,0.5411,370,2026-03-16T13:35:09.360825+00:00,OK
40.000,0.2500,0.9931,371,2026-03-16T13:35:10.446734+00:00,OK
40.000,0.3000,1.4534,372,2026-03-16T13:35:11.497445+00:00,OK
40.000,0.3500,1.9155,373,2026-03-16T13:35:12.550441+00:00,OK
40.000,0.4000,2.3795,374,2026-03-16T13:35:13.616541+00:00,OK
40.000,0.4500,2.8370,375,2026-03-16T13:35:14.699249+00:00,OK
40.000,0.5000,3.3014,376,2026-03-16T13:35:15.716972+00:00,OK
40.000,0.5500,3.7635,377,2026-03-16T13:35:16.785019+00:00,OK
40.000,0.6000,4.2264,378,2026-03-16T13:35:17.802255+00:00,OK
40.000,0.6500,4.6889,379,2026-03-16T13:35:18.855091+00:00,OK
40.000,0.7000,5.1555,380,2026-03-16T13:35:19.908562+00:00,OK
40.000,0.7500,5.6240,381,2026-03-16T13:35:21.000316+00:00,OK
40.000,0.8000,6.0908,382,2026-03-16T13:35:22.040185+00:00,OK
40.000,0.8500,6.5611,383,2026-03-16T13:35:23.058955+00:00,OK
40.000,0.9000,7.0357,384,2026-03-16T13:35:24.108996+00:00,OK
40.000,0.9500,7.5074,385,2026-03-16T13:35:25.143102+00:00,OK
40.000,1.0000,7.9782,386,2026-03-16T13:35:26.227301+00:00,OK
40.000,1.0500,8.4538,387,2026-03-16T13:35:27.262360+00:00,OK
40.000,1.1000,8.9259,388,2026-03-16T13:35:28.364357+00:00,OK
40.000,1.1500,9.3951,389,2026-03-16T13:35:29.458566+00:00,OK
40.000,1.2000,9.8642,390,2026-03-16T13:35:30.549791+00:00,OK
40.000,1.2500,10.3404,391,2026-03-16T13:35:31.616521+00:00,OK
40.000,1.3000,10.8165,392,2026-03-16T13:35:32.685228+00:00,OK
40.000,1.3500,11.2927,393,2026-03-16T13:35:33.752955+00:00,OK
40.000,1.4000,11.7585,394,2026-03-16T13:35:34.804261+00:00,OK
40.000,1.4500,12.2338,395,2026-03-16T13:35:35.853849+00:00,OK
40.000,1.5000,12.7150,396,2026-03-16T13:35:36.922356+00:00,OK
40.000,1.5500,13.1648,397,2026-03-16T13:35:37.989138+00:00,OK
40.000,1.6000,13.6369,398,2026-03-16T13:35:39.007446+00:00,OK
40.000,1.6500,14.1048,399,2026-03-16T13:35:40.091608+00:00,OK
40.000,1.7000,14.5861,400,2026-03-16T13:35:41.148841+00:00,OK
40.000,1.7500,15.0482,401,2026-03-16T13:35:42.244078+00:00,OK
40.000,1.8000,15.5160,402,2026-03-16T13:35:43.311614+00:00,OK
40.000,1.8500,15.9927,403,2026-03-16T13:35:44.396972+00:00,OK
40.000,1.9000,16.4670,404,2026-03-16T13:35:45.470908+00:00,OK
40.000,1.9500,16.9266,405,2026-03-16T13:35:46.547781+00:00,OK
40.000,2.0000,17.3870,406,2026-03-16T13:35:47.569643+00:00,OK
40.000,2.0500,17.8395,407,2026-03-16T13:35:48.616581+00:00,OK
40.000,2.1000,18.3124,408,2026-03-16T13:35:49.651154+00:00,OK
40.000,2.1500,18.7898,409,2026-03-16T13:35:50.701974+00:00,OK
40.000,2.2000,19.2597,410,2026-03-16T13:35:51.786600+00:00,OK
40.000,2.2500,19.7304,411,2026-03-16T13:35:52.805257+00:00,OK
40.000,2.3000,20.2040,412,2026-03-16T13:35:53.855175+00:00,OK
40.000,2.3500,20.6798,413,2026-03-16T13:35:54.890054+00:00,OK
40.000,2.4000,21.1565,414,2026-03-16T13:35:55.924259+00:00,OK
40.000,2.4500,21.6480,415,2026-03-16T13:35:56.993253+00:00,OK
40.000,2.5000,22.0159,416,2026-03-16T13:35:58.059418+00:00,OK
40.000,2.5500,22.0243,417,2026-03-16T13:35:59.143502+00:00,OK
40.000,2.6000,22.0232,418,2026-03-16T13:36:00.161890+00:00,OK
40.000,2.6500,22.0218,419,2026-03-16T13:36:01.296210+00:00,OK
40.000,2.7000,22.0213,420,2026-03-16T13:36:02.364057+00:00,OK
40.000,2.7500,22.0192,421,2026-03-16T13:36:03.449291+00:00,OK
40.000,2.8000,22.0194,422,2026-03-16T13:36:04.498900+00:00,OK
40.000,2.8500,22.0186,423,2026-03-16T13:36:05.550370+00:00,OK
40.000,2.9000,22.0172,424,2026-03-16T13:36:06.601268+00:00,OK
40.000,2.9500,22.0178,425,2026-03-16T13:36:07.652663+00:00,OK
40.000,3.0000,22.0149,426,2026-03-16T13:36:08.703353+00:00,OK
50.000,0.0000,0.0043,427,2026-03-16T13:36:10.211121+00:00,OK
50.000,0.0500,0.0042,428,2026-03-16T13:36:11.357074+00:00,OK
50.000,0.1000,0.0512,429,2026-03-16T13:36:12.407662+00:00,OK
50.000,0.1500,0.4008,430,2026-03-16T13:36:13.524605+00:00,OK
50.000,0.2000,0.9537,431,2026-03-16T13:36:14.559551+00:00,OK
50.000,0.2500,1.5162,432,2026-03-16T13:36:15.610467+00:00,OK
50.000,0.3000,2.0837,433,2026-03-16T13:36:16.695888+00:00,OK
50.000,0.3500,2.6568,434,2026-03-16T13:36:17.762613+00:00,OK
50.000,0.4000,3.2203,435,2026-03-16T13:36:18.814064+00:00,OK
50.000,0.4500,3.7890,436,2026-03-16T13:36:19.855603+00:00,OK
50.000,0.5000,4.3613,437,2026-03-16T13:36:20.965541+00:00,OK
50.000,0.5500,4.9310,438,2026-03-16T13:36:22.016768+00:00,OK
50.000,0.6000,5.5025,439,2026-03-16T13:36:23.067864+00:00,OK
50.000,0.6500,6.0735,440,2026-03-16T13:36:24.118830+00:00,OK
50.000,0.7000,6.6509,441,2026-03-16T13:36:25.170021+00:00,OK
50.000,0.7500,7.2285,442,2026-03-16T13:36:26.221943+00:00,OK
50.000,0.8000,7.8063,443,2026-03-16T13:36:27.288639+00:00,OK
50.000,0.8500,8.3881,444,2026-03-16T13:36:28.357987+00:00,OK
50.000,0.9000,8.9700,445,2026-03-16T13:36:29.392242+00:00,OK
50.000,0.9500,9.5556,446,2026-03-16T13:36:30.494112+00:00,OK
50.000,1.0000,10.1401,447,2026-03-16T13:36:31.544596+00:00,OK
50.000,1.0500,10.7220,448,2026-03-16T13:36:32.594104+00:00,OK
50.000,1.1000,11.3066,449,2026-03-16T13:36:33.661762+00:00,OK
50.000,1.1500,11.8857,450,2026-03-16T13:36:34.713046+00:00,OK
50.000,1.2000,12.4615,451,2026-03-16T13:36:35.748837+00:00,OK
50.000,1.2500,13.0444,452,2026-03-16T13:36:36.815072+00:00,OK
50.000,1.3000,13.6275,453,2026-03-16T13:36:37.932901+00:00,OK
50.000,1.3500,14.2084,454,2026-03-16T13:36:38.983737+00:00,OK
50.000,1.4000,14.7845,455,2026-03-16T13:36:40.002831+00:00,OK
50.000,1.4500,15.3658,456,2026-03-16T13:36:41.053547+00:00,OK
50.000,1.5000,15.9511,457,2026-03-16T13:36:42.103922+00:00,OK
50.000,1.5500,16.5103,458,2026-03-16T13:36:43.155846+00:00,OK
50.000,1.6000,17.0848,459,2026-03-16T13:36:44.239000+00:00,OK
50.000,1.6500,17.6513,460,2026-03-16T13:36:45.323050+00:00,OK
50.000,1.7000,18.2284,461,2026-03-16T13:36:46.353616+00:00,OK
50.000,1.7500,18.7973,462,2026-03-16T13:36:47.442241+00:00,OK
50.000,1.8000,19.3683,463,2026-03-16T13:36:48.510717+00:00,OK
50.000,1.8500,19.9490,464,2026-03-16T13:36:49.594365+00:00,OK
50.000,1.9000,20.5324,465,2026-03-16T13:36:50.613601+00:00,OK
50.000,1.9500,21.1063,466,2026-03-16T13:36:51.663251+00:00,OK
50.000,2.0000,21.6909,467,2026-03-16T13:36:52.755259+00:00,OK
50.000,2.0500,22.2656,468,2026-03-16T13:36:53.848295+00:00,OK
50.000,2.1000,22.8798,469,2026-03-16T13:36:54.899692+00:00,OK
50.000,2.1500,23.4528,470,2026-03-16T13:36:55.949709+00:00,OK
50.000,2.2000,24.0237,471,2026-03-16T13:36:57.001543+00:00,OK
50.000,2.2500,24.6503,472,2026-03-16T13:36:58.059375+00:00,OK
50.000,2.3000,25.2527,473,2026-03-16T13:36:59.120185+00:00,OK
50.000,2.3500,25.8439,474,2026-03-16T13:37:00.155310+00:00,OK
50.000,2.4000,26.4371,475,2026-03-16T13:37:01.206450+00:00,OK
50.000,2.4500,27.0354,476,2026-03-16T13:37:02.257461+00:00,OK
50.000,2.5000,27.5069,477,2026-03-16T13:37:03.292485+00:00,OK
50.000,2.5500,27.5140,478,2026-03-16T13:37:04.359566+00:00,OK
50.000,2.6000,27.5079,479,2026-03-16T13:37:05.443883+00:00,OK
50.000,2.6500,27.5110,480,2026-03-16T13:37:06.494863+00:00,OK
50.000,2.7000,27.4978,481,2026-03-16T13:37:07.545709+00:00,OK
50.000,2.7500,27.5018,482,2026-03-16T13:37:08.613892+00:00,OK
50.000,2.8000,27.5130,483,2026-03-16T13:37:09.668369+00:00,OK
50.000,2.8500,27.4988,484,2026-03-16T13:37:10.715585+00:00,OK
50.000,2.9000,27.5079,485,2026-03-16T13:37:11.783176+00:00,OK
50.000,2.9500,27.5059,486,2026-03-16T13:37:12.851858+00:00,OK
50.000,3.0000,27.5079,487,2026-03-16T13:37:13.918812+00:00,OK
60.000,0.0000,0.0043,488,2026-03-16T13:37:15.419895+00:00,OK
60.000,0.0500,0.0060,489,2026-03-16T13:37:16.569125+00:00,OK
60.000,0.1000,0.1034,490,2026-03-16T13:37:17.640082+00:00,OK
60.000,0.1500,0.7090,491,2026-03-16T13:37:18.723682+00:00,OK
60.000,0.2000,1.3752,492,2026-03-16T13:37:19.807859+00:00,OK
60.000,0.2500,2.0442,493,2026-03-16T13:37:20.909785+00:00,OK
60.000,0.3000,2.7229,494,2026-03-16T13:37:22.043981+00:00,OK
60.000,0.3500,3.3970,495,2026-03-16T13:37:23.111264+00:00,OK
60.000,0.4000,4.0688,496,2026-03-16T13:37:24.195836+00:00,OK
60.000,0.4500,4.7459,497,2026-03-16T13:37:25.263585+00:00,OK
60.000,0.5000,5.4275,498,2026-03-16T13:37:26.304067+00:00,OK
60.000,0.5500,6.1065,499,2026-03-16T13:37:27.397761+00:00,OK
60.000,0.6000,6.7880,500,2026-03-16T13:37:28.449959+00:00,OK
60.000,0.6500,7.4714,501,2026-03-16T13:37:29.517718+00:00,OK
60.000,0.7000,8.1590,502,2026-03-16T13:37:30.554261+00:00,OK
60.000,0.7500,8.8481,503,2026-03-16T13:37:31.586397+00:00,OK
60.000,0.8000,9.5359,504,2026-03-16T13:37:32.654193+00:00,OK
60.000,0.8500,10.2254,505,2026-03-16T13:37:33.755240+00:00,OK
60.000,0.9000,10.9185,506,2026-03-16T13:37:34.839780+00:00,OK
60.000,0.9500,11.6109,507,2026-03-16T13:37:35.898688+00:00,OK
60.000,1.0000,12.3024,508,2026-03-16T13:37:36.959580+00:00,OK
60.000,1.0500,12.9944,509,2026-03-16T13:37:38.059224+00:00,OK
60.000,1.1000,13.6836,510,2026-03-16T13:37:39.144055+00:00,OK
60.000,1.1500,14.3763,511,2026-03-16T13:37:40.229409+00:00,OK
60.000,1.2000,15.0621,512,2026-03-16T13:37:41.262768+00:00,OK
60.000,1.2500,15.7482,513,2026-03-16T13:37:42.364229+00:00,OK
60.000,1.3000,16.4344,514,2026-03-16T13:37:43.399474+00:00,OK
60.000,1.3500,17.1165,515,2026-03-16T13:37:44.473531+00:00,OK
60.000,1.4000,17.7941,516,2026-03-16T13:37:45.516738+00:00,OK
60.000,1.4500,18.4874,517,2026-03-16T13:37:46.551932+00:00,OK
60.000,1.5000,19.1857,518,2026-03-16T13:37:47.603615+00:00,OK
60.000,1.5500,19.8506,519,2026-03-16T13:37:48.703332+00:00,OK
60.000,1.6000,20.5300,520,2026-03-16T13:37:49.798652+00:00,OK
60.000,1.6500,21.2106,521,2026-03-16T13:37:50.889491+00:00,OK
60.000,1.7000,21.9205,522,2026-03-16T13:37:51.946250+00:00,OK
60.000,1.7500,22.6517,523,2026-03-16T13:37:53.057888+00:00,OK
60.000,1.8000,23.3270,524,2026-03-16T13:37:54.143411+00:00,OK
60.000,1.8500,24.0206,525,2026-03-16T13:37:55.211433+00:00,OK
60.000,1.9000,24.7061,526,2026-03-16T13:37:56.262658+00:00,OK
60.000,1.9500,25.4088,527,2026-03-16T13:37:57.348020+00:00,OK
60.000,2.0000,26.1096,528,2026-03-16T13:37:58.415719+00:00,OK
60.000,2.0500,26.7961,529,2026-03-16T13:37:59.490105+00:00,OK
60.000,2.1000,27.4887,530,2026-03-16T13:38:00.551426+00:00,OK
60.000,2.1500,28.1955,531,2026-03-16T13:38:01.587018+00:00,OK
60.000,2.2000,28.9185,532,2026-03-16T13:38:02.641507+00:00,OK
60.000,2.2500,29.5979,533,2026-03-16T13:38:03.694689+00:00,OK
60.000,2.3000,30.2996,534,2026-03-16T13:38:04.798143+00:00,OK
60.000,2.3500,30.9861,535,2026-03-16T13:38:05.855088+00:00,OK
60.000,2.4000,31.6757,536,2026-03-16T13:38:06.962546+00:00,OK
60.000,2.4500,32.3946,537,2026-03-16T13:38:08.033109+00:00,OK
60.000,2.5000,32.9351,538,2026-03-16T13:38:09.108214+00:00,OK
60.000,2.5500,32.9483,539,2026-03-16T13:38:10.195596+00:00,OK
60.000,2.6000,32.9361,540,2026-03-16T13:38:11.291338+00:00,OK
60.000,2.6500,32.9452,541,2026-03-16T13:38:12.395402+00:00,OK
60.000,2.7000,32.9371,542,2026-03-16T13:38:13.492156+00:00,OK
60.000,2.7500,32.9392,543,2026-03-16T13:38:14.563933+00:00,OK
60.000,2.8000,32.9381,544,2026-03-16T13:38:15.641330+00:00,OK
60.000,2.8500,32.9422,545,2026-03-16T13:38:16.698281+00:00,OK
60.000,2.9000,32.9412,546,2026-03-16T13:38:17.793852+00:00,OK
60.000,2.9500,32.9371,547,2026-03-16T13:38:18.906586+00:00,OK
60.000,3.0000,32.9290,548,2026-03-16T13:38:19.985437+00:00,OK
70.000,0.0000,0.0043,549,2026-03-16T13:38:21.507837+00:00,OK
70.000,0.0500,0.0096,550,2026-03-16T13:38:22.631058+00:00,OK
70.000,0.1000,0.2760,551,2026-03-16T13:38:23.683231+00:00,OK
70.000,0.1500,1.0320,552,2026-03-16T13:38:24.686572+00:00,OK
70.000,0.2000,1.8051,553,2026-03-16T13:38:25.692602+00:00,OK
70.000,0.2500,2.5851,554,2026-03-16T13:38:26.816019+00:00,OK
70.000,0.3000,3.3654,555,2026-03-16T13:38:27.892869+00:00,OK
70.000,0.3500,4.1498,556,2026-03-16T13:38:28.945087+00:00,OK
70.000,0.4000,4.9280,557,2026-03-16T13:38:30.001966+00:00,OK
70.000,0.4500,5.7125,558,2026-03-16T13:38:31.048004+00:00,OK
70.000,0.5000,6.5059,559,2026-03-16T13:38:32.104370+00:00,OK
70.000,0.5500,7.2962,560,2026-03-16T13:38:33.147911+00:00,OK
70.000,0.6000,8.0853,561,2026-03-16T13:38:34.225856+00:00,OK
70.000,0.6500,8.8766,562,2026-03-16T13:38:35.266898+00:00,OK
70.000,0.7000,9.6760,563,2026-03-16T13:38:36.334605+00:00,OK
70.000,0.7500,10.4752,564,2026-03-16T13:38:37.401377+00:00,OK
70.000,0.8000,11.2701,565,2026-03-16T13:38:38.503315+00:00,OK
70.000,0.8500,12.0693,566,2026-03-16T13:38:39.638940+00:00,OK
70.000,0.9000,12.8741,567,2026-03-16T13:38:40.721847+00:00,OK
70.000,0.9500,13.6664,568,2026-03-16T13:38:41.839843+00:00,OK
70.000,1.0000,14.4689,569,2026-03-16T13:38:42.890913+00:00,OK
70.000,1.0500,15.2790,570,2026-03-16T13:38:43.941787+00:00,OK
70.000,1.1000,16.0645,571,2026-03-16T13:38:45.046366+00:00,OK
70.000,1.1500,16.8525,572,2026-03-16T13:38:46.146473+00:00,OK
70.000,1.2000,17.6453,573,2026-03-16T13:38:47.228942+00:00,OK
70.000,1.2500,18.4288,574,2026-03-16T13:38:48.330019+00:00,OK
70.000,1.3000,19.2343,575,2026-03-16T13:38:49.365206+00:00,OK
70.000,1.3500,20.0240,576,2026-03-16T13:38:50.414681+00:00,OK
70.000,1.4000,20.8092,577,2026-03-16T13:38:51.449632+00:00,OK
70.000,1.4500,21.6320,578,2026-03-16T13:38:52.501761+00:00,OK
70.000,1.5000,22.4317,579,2026-03-16T13:38:53.552579+00:00,OK
70.000,1.5500,23.2347,580,2026-03-16T13:38:54.653190+00:00,OK
70.000,1.6000,24.0328,581,2026-03-16T13:38:55.754718+00:00,OK
70.000,1.6500,24.8400,582,2026-03-16T13:38:56.804507+00:00,OK
70.000,1.7000,25.6715,583,2026-03-16T13:38:57.889009+00:00,OK
70.000,1.7500,26.4766,584,2026-03-16T13:38:58.947801+00:00,OK
70.000,1.8000,27.2919,585,2026-03-16T13:39:00.009154+00:00,OK
70.000,1.8500,28.1062,586,2026-03-16T13:39:01.042341+00:00,OK
70.000,1.9000,28.9073,587,2026-03-16T13:39:02.128273+00:00,OK
70.000,1.9500,29.6861,588,2026-03-16T13:39:03.145933+00:00,OK
70.000,2.0000,30.4842,589,2026-03-16T13:39:04.213467+00:00,OK
70.000,2.0500,31.2893,590,2026-03-16T13:39:05.281226+00:00,OK
70.000,2.1000,32.0651,591,2026-03-16T13:39:06.331112+00:00,OK
70.000,2.1500,32.8874,592,2026-03-16T13:39:07.399277+00:00,OK
70.000,2.2000,33.6713,593,2026-03-16T13:39:08.466859+00:00,OK
70.000,2.2500,34.4633,594,2026-03-16T13:39:09.501295+00:00,OK
70.000,2.3000,35.2623,595,2026-03-16T13:39:10.585540+00:00,OK
70.000,2.3500,36.0584,596,2026-03-16T13:39:11.652782+00:00,OK
70.000,2.4000,36.8574,597,2026-03-16T13:39:12.738456+00:00,OK
70.000,2.4500,37.6596,598,2026-03-16T13:39:13.791705+00:00,OK
70.000,2.5000,38.2801,599,2026-03-16T13:39:14.856564+00:00,OK
70.000,2.5500,38.2761,600,2026-03-16T13:39:15.898245+00:00,OK
70.000,2.6000,38.2720,601,2026-03-16T13:39:17.008046+00:00,OK
70.000,2.6500,38.2751,602,2026-03-16T13:39:18.109279+00:00,OK
70.000,2.7000,38.2710,603,2026-03-16T13:39:19.144113+00:00,OK
70.000,2.7500,38.2710,604,2026-03-16T13:39:20.185795+00:00,OK
70.000,2.8000,38.2842,605,2026-03-16T13:39:21.213779+00:00,OK
70.000,2.8500,38.2680,606,2026-03-16T13:39:22.247076+00:00,OK
70.000,2.9000,38.2639,607,2026-03-16T13:39:23.316027+00:00,OK
70.000,2.9500,38.2680,608,2026-03-16T13:39:24.366004+00:00,OK
70.000,3.0000,38.2568,609,2026-03-16T13:39:25.400562+00:00,OK
80.000,0.0000,0.0044,610,2026-03-16T13:39:26.902652+00:00,OK
80.000,0.0500,0.0160,611,2026-03-16T13:39:28.052872+00:00,OK
80.000,0.1000,0.4832,612,2026-03-16T13:39:29.153821+00:00,OK
80.000,0.1500,1.3484,613,2026-03-16T13:39:30.205135+00:00,OK
80.000,0.2000,2.2283,614,2026-03-16T13:39:31.305770+00:00,OK
80.000,0.2500,3.1144,615,2026-03-16T13:39:32.397035+00:00,OK
80.000,0.3000,4.0018,616,2026-03-16T13:39:33.457783+00:00,OK
80.000,0.3500,4.8935,617,2026-03-16T13:39:34.492455+00:00,OK
80.000,0.4000,5.7804,618,2026-03-16T13:39:35.560561+00:00,OK
80.000,0.4500,6.6758,619,2026-03-16T13:39:36.644507+00:00,OK
80.000,0.5000,7.5766,620,2026-03-16T13:39:37.730501+00:00,OK
80.000,0.5500,8.4780,621,2026-03-16T13:39:38.796470+00:00,OK
80.000,0.6000,9.3778,622,2026-03-16T13:39:39.849006+00:00,OK
80.000,0.6500,10.2792,623,2026-03-16T13:39:40.899987+00:00,OK
80.000,0.7000,11.1853,624,2026-03-16T13:39:41.949936+00:00,OK
80.000,0.7500,12.0929,625,2026-03-16T13:39:43.051766+00:00,OK
80.000,0.8000,12.9909,626,2026-03-16T13:39:44.135868+00:00,OK
80.000,0.8500,13.9039,627,2026-03-16T13:39:45.204269+00:00,OK
80.000,0.9000,14.8125,628,2026-03-16T13:39:46.304766+00:00,OK
80.000,0.9500,15.7187,629,2026-03-16T13:39:47.339955+00:00,OK
80.000,1.0000,16.6151,630,2026-03-16T13:39:48.406518+00:00,OK
80.000,1.0500,17.5256,631,2026-03-16T13:39:49.492006+00:00,OK
80.000,1.1000,18.4123,632,2026-03-16T13:39:50.558293+00:00,OK
80.000,1.1500,19.3176,633,2026-03-16T13:39:51.644416+00:00,OK
80.000,1.2000,20.2001,634,2026-03-16T13:39:52.711245+00:00,OK
80.000,1.2500,21.1251,635,2026-03-16T13:39:53.745549+00:00,OK
80.000,1.3000,22.0535,636,2026-03-16T13:39:54.829602+00:00,OK
80.000,1.3500,22.9761,637,2026-03-16T13:39:55.898447+00:00,OK
80.000,1.4000,23.8989,638,2026-03-16T13:39:56.949273+00:00,OK
80.000,1.4500,24.8024,639,2026-03-16T13:39:58.049475+00:00,OK
80.000,1.5000,25.7506,640,2026-03-16T13:39:59.135215+00:00,OK
80.000,1.5500,26.6389,641,2026-03-16T13:40:00.202585+00:00,OK
80.000,1.6000,27.5647,642,2026-03-16T13:40:01.336502+00:00,OK
80.000,1.6500,28.4814,643,2026-03-16T13:40:02.404142+00:00,OK
80.000,1.7000,29.4072,644,2026-03-16T13:40:03.439120+00:00,OK
80.000,1.7500,30.2986,645,2026-03-16T13:40:04.539797+00:00,OK
80.000,1.8000,31.2224,646,2026-03-16T13:40:05.607973+00:00,OK
80.000,1.8500,32.1097,647,2026-03-16T13:40:06.674950+00:00,OK
80.000,1.9000,33.0497,648,2026-03-16T13:40:07.709478+00:00,OK
80.000,1.9500,33.9116,649,2026-03-16T13:40:08.760248+00:00,OK
80.000,2.0000,34.7949,650,2026-03-16T13:40:09.828702+00:00,OK
80.000,2.0500,35.6558,651,2026-03-16T13:40:10.888343+00:00,OK
80.000,2.1000,36.5553,652,2026-03-16T13:40:11.947845+00:00,OK
80.000,2.1500,37.4659,653,2026-03-16T13:40:12.998730+00:00,OK
80.000,2.2000,38.3603,654,2026-03-16T13:40:14.085310+00:00,OK
80.000,2.2500,39.3033,655,2026-03-16T13:40:15.157418+00:00,OK
80.000,2.3000,40.2474,656,2026-03-16T13:40:16.235459+00:00,OK
80.000,2.3500,41.1438,657,2026-03-16T13:40:17.342944+00:00,OK
80.000,2.4000,42.0504,658,2026-03-16T13:40:18.386383+00:00,OK
80.000,2.4500,42.9813,659,2026-03-16T13:40:19.487660+00:00,OK
80.000,2.5000,43.7012,660,2026-03-16T13:40:20.555633+00:00,OK
80.000,2.5500,43.6931,661,2026-03-16T13:40:21.606160+00:00,OK
80.000,2.6000,43.6871,662,2026-03-16T13:40:22.690440+00:00,OK
80.000,2.6500,43.7012,663,2026-03-16T13:40:23.743329+00:00,OK
80.000,2.7000,43.7043,664,2026-03-16T13:40:24.827276+00:00,OK
80.000,2.7500,43.6850,665,2026-03-16T13:40:25.877363+00:00,OK
80.000,2.8000,43.6871,666,2026-03-16T13:40:26.912506+00:00,OK
80.000,2.8500,43.6901,667,2026-03-16T13:40:27.995613+00:00,OK
80.000,2.9000,43.6911,668,2026-03-16T13:40:29.031420+00:00,OK
80.000,2.9500,43.6901,669,2026-03-16T13:40:30.098669+00:00,OK
80.000,3.0000,43.7002,670,2026-03-16T13:40:31.182305+00:00,OK
90.000,0.0000,0.0044,671,2026-03-16T13:40:32.685137+00:00,OK
90.000,0.0500,0.0299,672,2026-03-16T13:40:33.802208+00:00,OK
90.000,0.1000,0.6864,673,2026-03-16T13:40:34.903126+00:00,OK
90.000,0.1500,1.6618,674,2026-03-16T13:40:35.988318+00:00,OK
90.000,0.2000,2.6530,675,2026-03-16T13:40:37.105098+00:00,OK
90.000,0.2500,3.6392,676,2026-03-16T13:40:38.155850+00:00,OK
90.000,0.3000,4.6348,677,2026-03-16T13:40:39.224365+00:00,OK
90.000,0.3500,5.6356,678,2026-03-16T13:40:40.241899+00:00,OK
90.000,0.4000,6.6312,679,2026-03-16T13:40:41.275985+00:00,OK
90.000,0.4500,7.6366,680,2026-03-16T13:40:42.343826+00:00,OK
90.000,0.5000,8.6515,681,2026-03-16T13:40:43.411656+00:00,OK
90.000,0.5500,9.6594,682,2026-03-16T13:40:44.495779+00:00,OK
90.000,0.6000,10.6637,683,2026-03-16T13:40:45.548115+00:00,OK
90.000,0.6500,11.6776,684,2026-03-16T13:40:46.581016+00:00,OK
90.000,0.7000,12.6856,685,2026-03-16T13:40:47.633779+00:00,OK
90.000,0.7500,13.7032,686,2026-03-16T13:40:48.683339+00:00,OK
90.000,0.8000,14.7186,687,2026-03-16T13:40:49.785304+00:00,OK
90.000,0.8500,15.7260,688,2026-03-16T13:40:50.902646+00:00,OK
90.000,0.9000,16.7268,689,2026-03-16T13:40:52.036782+00:00,OK
90.000,0.9500,17.7389,690,2026-03-16T13:40:53.145957+00:00,OK
90.000,1.0000,18.7535,691,2026-03-16T13:40:54.222370+00:00,OK
90.000,1.0500,19.7643,692,2026-03-16T13:40:55.289724+00:00,OK
90.000,1.1000,20.7771,693,2026-03-16T13:40:56.392551+00:00,OK
90.000,1.1500,21.7951,694,2026-03-16T13:40:57.442278+00:00,OK
90.000,1.2000,22.8494,695,2026-03-16T13:40:58.494131+00:00,OK
90.000,1.2500,23.8594,696,2026-03-16T13:40:59.528162+00:00,OK
90.000,1.3000,24.9079,697,2026-03-16T13:41:00.594829+00:00,OK
90.000,1.3500,25.9260,698,2026-03-16T13:41:01.663329+00:00,OK
90.000,1.4000,26.9624,699,2026-03-16T13:41:02.697758+00:00,OK
90.000,1.4500,28.0099,700,2026-03-16T13:41:03.799964+00:00,OK
90.000,1.5000,29.0513,701,2026-03-16T13:41:04.899481+00:00,OK
90.000,1.5500,30.0217,702,2026-03-16T13:41:05.983666+00:00,OK
90.000,1.6000,31.0470,703,2026-03-16T13:41:07.052693+00:00,OK
90.000,1.6500,32.0438,704,2026-03-16T13:41:08.138989+00:00,OK
90.000,1.7000,33.0811,705,2026-03-16T13:41:09.204915+00:00,OK
90.000,1.7500,34.0769,706,2026-03-16T13:41:10.304632+00:00,OK
90.000,1.8000,35.0707,707,2026-03-16T13:41:11.356695+00:00,OK
90.000,1.8500,36.0888,708,2026-03-16T13:41:12.390480+00:00,OK
90.000,1.9000,37.0785,709,2026-03-16T13:41:13.458502+00:00,OK
90.000,1.9500,38.0743,710,2026-03-16T13:41:14.509357+00:00,OK
90.000,2.0000,39.0863,711,2026-03-16T13:41:15.554433+00:00,OK
90.000,2.0500,40.0831,712,2026-03-16T13:41:16.595965+00:00,OK
90.000,2.1000,41.1022,713,2026-03-16T13:41:17.662424+00:00,OK
90.000,2.1500,42.1285,714,2026-03-16T13:41:18.696724+00:00,OK
90.000,2.2000,43.1577,715,2026-03-16T13:41:19.783515+00:00,OK
90.000,2.2500,44.2113,716,2026-03-16T13:41:20.849302+00:00,OK
90.000,2.3000,45.2213,717,2026-03-16T13:41:21.933481+00:00,OK
90.000,2.3500,46.2151,718,2026-03-16T13:41:23.035371+00:00,OK
90.000,2.4000,47.2038,719,2026-03-16T13:41:24.152216+00:00,OK
90.000,2.4500,48.2127,720,2026-03-16T13:41:25.186842+00:00,OK
90.000,2.5000,48.9773,721,2026-03-16T13:41:26.237583+00:00,OK
90.000,2.5500,48.9885,722,2026-03-16T13:41:27.289596+00:00,OK
90.000,2.6000,48.9956,723,2026-03-16T13:41:28.323992+00:00,OK
90.000,2.6500,48.9865,724,2026-03-16T13:41:29.407627+00:00,OK
90.000,2.7000,48.9733,725,2026-03-16T13:41:30.459471+00:00,OK
90.000,2.7500,48.9834,726,2026-03-16T13:41:31.509151+00:00,OK
90.000,2.8000,48.9784,727,2026-03-16T13:41:32.561903+00:00,OK
90.000,2.8500,48.9885,728,2026-03-16T13:41:33.594758+00:00,OK
90.000,2.9000,48.9794,729,2026-03-16T13:41:34.649952+00:00,OK
90.000,2.9500,48.9753,730,2026-03-16T13:41:35.764086+00:00,OK
90.000,3.0000,48.9915,731,2026-03-16T13:41:36.849314+00:00,OK
100.000,0.0000,0.0044,732,2026-03-16T13:41:38.350623+00:00,OK
100.000,0.0500,0.0496,733,2026-03-16T13:41:39.485338+00:00,OK
100.000,0.1000,0.9014,734,2026-03-16T13:41:40.551715+00:00,OK
100.000,0.1500,1.9838,735,2026-03-16T13:41:41.636518+00:00,OK
100.000,0.2000,3.0813,736,2026-03-16T13:41:42.737229+00:00,OK
100.000,0.2500,4.1728,737,2026-03-16T13:41:43.789834+00:00,OK
100.000,0.3000,5.2759,738,2026-03-16T13:41:44.872963+00:00,OK
100.000,0.3500,6.3870,739,2026-03-16T13:41:45.907356+00:00,OK
100.000,0.4000,7.4920,740,2026-03-16T13:41:46.991294+00:00,OK
100.000,0.4500,8.6083,741,2026-03-16T13:41:47.993850+00:00,OK
100.000,0.5000,9.7311,742,2026-03-16T13:41:49.043976+00:00,OK
100.000,0.5500,10.8528,743,2026-03-16T13:41:50.095741+00:00,OK
100.000,0.6000,11.9668,744,2026-03-16T13:41:51.195494+00:00,OK
100.000,0.6500,13.0814,745,2026-03-16T13:41:52.263561+00:00,OK
100.000,0.7000,14.2042,746,2026-03-16T13:41:53.332455+00:00,OK
100.000,0.7500,15.3226,747,2026-03-16T13:41:54.398800+00:00,OK
100.000,0.8000,16.4298,748,2026-03-16T13:41:55.500048+00:00,OK
100.000,0.8500,17.5414,749,2026-03-16T13:41:56.584088+00:00,OK
100.000,0.9000,18.6540,750,2026-03-16T13:41:57.635092+00:00,OK
100.000,0.9500,19.7685,751,2026-03-16T13:41:58.736290+00:00,OK
100.000,1.0000,20.8984,752,2026-03-16T13:41:59.737181+00:00,OK
100.000,1.0500,22.0334,753,2026-03-16T13:42:00.788282+00:00,OK
100.000,1.1000,23.1972,754,2026-03-16T13:42:01.839408+00:00,OK
100.000,1.1500,24.3066,755,2026-03-16T13:42:02.873685+00:00,OK
100.000,1.2000,25.4616,756,2026-03-16T13:42:03.891708+00:00,OK
100.000,1.2500,26.6146,757,2026-03-16T13:42:04.943898+00:00,OK
100.000,1.3000,27.7614,758,2026-03-16T13:42:06.043968+00:00,OK
100.000,1.3500,28.9012,759,2026-03-16T13:42:07.098401+00:00,OK
100.000,1.4000,30.0258,760,2026-03-16T13:42:08.187495+00:00,OK
100.000,1.4500,31.1534,761,2026-03-16T13:42:09.257136+00:00,OK
100.000,1.5000,32.3054,762,2026-03-16T13:42:10.303775+00:00,OK
100.000,1.5500,33.3874,763,2026-03-16T13:42:11.350769+00:00,OK
100.000,1.6000,34.5038,764,2026-03-16T13:42:12.434745+00:00,OK
100.000,1.6500,35.5960,765,2026-03-16T13:42:13.501403+00:00,OK
100.000,1.7000,36.7114,766,2026-03-16T13:42:14.552535+00:00,OK
100.000,1.7500,37.8218,767,2026-03-16T13:42:15.603557+00:00,OK
100.000,1.8000,38.9312,768,2026-03-16T13:42:16.637951+00:00,OK
100.000,1.8500,40.0598,769,2026-03-16T13:42:17.688591+00:00,OK
100.000,1.9000,41.1895,770,2026-03-16T13:42:18.706670+00:00,OK
100.000,1.9500,42.3181,771,2026-03-16T13:42:19.794370+00:00,OK
100.000,2.0000,43.4325,772,2026-03-16T13:42:20.860101+00:00,OK
100.000,2.0500,44.5186,773,2026-03-16T13:42:21.909819+00:00,OK
100.000,2.1000,45.6503,774,2026-03-16T13:42:22.977715+00:00,OK
100.000,2.1500,46.7464,775,2026-03-16T13:42:24.028951+00:00,OK
100.000,2.2000,47.8538,776,2026-03-16T13:42:25.097502+00:00,OK
100.000,2.2500,48.9662,777,2026-03-16T13:42:26.181759+00:00,OK
100.000,2.3000,50.0451,778,2026-03-16T13:42:27.232021+00:00,ABORT_SAFETY
150.000,0.0000,0.0044,779,2026-03-16T13:42:28.432719+00:00,OK
150.000,0.0500,0.3681,780,2026-03-16T13:42:29.485068+00:00,OK
150.000,0.1000,1.9668,781,2026-03-16T13:42:30.587125+00:00,OK
150.000,0.1500,3.5864,782,2026-03-16T13:42:31.653205+00:00,OK
150.000,0.2000,5.2166,783,2026-03-16T13:42:32.686913+00:00,OK
150.000,0.2500,6.8558,784,2026-03-16T13:42:33.754972+00:00,OK
150.000,0.3000,8.5183,785,2026-03-16T13:42:34.840523+00:00,OK
150.000,0.3500,10.1851,786,2026-03-16T13:42:35.874975+00:00,OK
150.000,0.4000,11.8333,787,2026-03-16T13:42:36.932417+00:00,OK
150.000,0.4500,13.4926,788,2026-03-16T13:42:37.992245+00:00,OK
150.000,0.5000,15.1621,789,2026-03-16T13:42:39.044885+00:00,OK
150.000,0.5500,16.8087,790,2026-03-16T13:42:40.131456+00:00,OK
150.000,0.6000,18.4395,791,2026-03-16T13:42:41.229459+00:00,OK
150.000,0.6500,20.0762,792,2026-03-16T13:42:42.292922+00:00,OK
150.000,0.7000,21.7505,793,2026-03-16T13:42:43.381223+00:00,OK
150.000,0.7500,23.4375,794,2026-03-16T13:42:44.381861+00:00,OK
150.000,0.8000,25.1209,795,2026-03-16T13:42:45.449526+00:00,OK
150.000,0.8500,26.8376,796,2026-03-16T13:42:46.551404+00:00,OK
150.000,0.9000,28.5392,797,2026-03-16T13:42:47.693552+00:00,OK
150.000,0.9500,30.2367,798,2026-03-16T13:42:48.753484+00:00,OK
150.000,1.0000,31.9180,799,2026-03-16T13:42:49.837285+00:00,OK
150.000,1.0500,33.5953,800,2026-03-16T13:42:50.891820+00:00,OK
150.000,1.1000,35.2400,801,2026-03-16T13:42:51.924194+00:00,OK
150.000,1.1500,36.8808,802,2026-03-16T13:42:52.991157+00:00,OK
150.000,1.2000,38.5205,803,2026-03-16T13:42:54.042945+00:00,OK
150.000,1.2500,40.2089,804,2026-03-16T13:42:55.092588+00:00,OK
150.000,1.3000,41.9033,805,2026-03-16T13:42:56.144158+00:00,OK
150.000,1.3500,43.5846,806,2026-03-16T13:42:57.195988+00:00,OK
150.000,1.4000,45.2325,807,2026-03-16T13:42:58.291912+00:00,OK
150.000,1.4500,46.8823,808,2026-03-16T13:42:59.332985+00:00,OK
150.000,1.5000,48.5433,809,2026-03-16T13:43:00.431694+00:00,OK
150.000,1.5500,50.0705,810,2026-03-16T13:43:01.533059+00:00,ABORT_SAFETY
200.000,0.0000,0.0043,811,2026-03-16T13:43:02.733559+00:00,OK
200.000,0.0500,0.9038,812,2026-03-16T13:43:03.784556+00:00,OK
200.000,0.1000,3.0474,813,2026-03-16T13:43:04.818978+00:00,OK
200.000,0.1500,5.1977,814,2026-03-16T13:43:05.854004+00:00,OK
200.000,0.2000,7.3795,815,2026-03-16T13:43:06.904890+00:00,OK
200.000,0.2500,9.5747,816,2026-03-16T13:43:07.956257+00:00,OK
200.000,0.3000,11.7841,817,2026-03-16T13:43:09.031221+00:00,OK
200.000,0.3500,13.9955,818,2026-03-16T13:43:10.092457+00:00,OK
200.000,0.4000,16.1688,819,2026-03-16T13:43:11.142606+00:00,OK
200.000,0.4500,18.3439,820,2026-03-16T13:43:12.210096+00:00,OK
200.000,0.5000,20.5366,821,2026-03-16T13:43:13.244581+00:00,OK
200.000,0.5500,22.7612,822,2026-03-16T13:43:14.295430+00:00,OK
200.000,0.6000,25.0073,823,2026-03-16T13:43:15.431511+00:00,OK
200.000,0.6500,27.2443,824,2026-03-16T13:43:16.532229+00:00,OK
200.000,0.7000,29.4833,825,2026-03-16T13:43:17.582156+00:00,OK
200.000,0.7500,31.7122,826,2026-03-16T13:43:18.683614+00:00,OK
200.000,0.8000,33.9086,827,2026-03-16T13:43:19.741881+00:00,OK
200.000,0.8500,36.0847,828,2026-03-16T13:43:20.793131+00:00,OK
200.000,0.9000,38.3085,829,2026-03-16T13:43:21.877053+00:00,OK
200.000,0.9500,40.5222,830,2026-03-16T13:43:22.937510+00:00,OK
200.000,1.0000,42.7693,831,2026-03-16T13:43:23.988745+00:00,OK
200.000,1.0500,45.0104,832,2026-03-16T13:43:25.056403+00:00,OK
200.000,1.1000,47.1845,833,2026-03-16T13:43:26.141024+00:00,OK
200.000,1.1500,49.3110,834,2026-03-16T13:43:27.176331+00:00,OK
200.000,1.2000,51.3837,835,2026-03-16T13:43:28.243769+00:00,ABORT_SAFETY
300.000,0.0000,0.0044,836,2026-03-16T13:43:29.477034+00:00,OK
300.000,0.0500,1.9825,837,2026-03-16T13:43:30.545987+00:00,OK
300.000,0.1000,5.2044,838,2026-03-16T13:43:31.646148+00:00,OK
300.000,0.1500,8.4492,839,2026-03-16T13:43:32.730155+00:00,OK
300.000,0.2000,11.7366,840,2026-03-16T13:43:33.748556+00:00,OK
300.000,0.2500,15.0159,841,2026-03-16T13:43:34.783664+00:00,OK
300.000,0.3000,18.2881,842,2026-03-16T13:43:35.884009+00:00,OK
300.000,0.3500,21.5671,843,2026-03-16T13:43:36.934965+00:00,OK
300.000,0.4000,24.9039,844,2026-03-16T13:43:38.036078+00:00,OK
300.000,0.4500,28.2462,845,2026-03-16T13:43:39.087157+00:00,OK
300.000,0.5000,31.5621,846,2026-03-16T13:43:40.145327+00:00,OK
300.000,0.5500,34.8364,847,2026-03-16T13:43:41.206030+00:00,OK
300.000,0.6000,38.0753,848,2026-03-16T13:43:42.256644+00:00,OK
300.000,0.6500,41.3629,849,2026-03-16T13:43:43.279332+00:00,OK
300.000,0.7000,44.7224,850,2026-03-16T13:43:44.358400+00:00,OK
300.000,0.7500,47.9511,851,2026-03-16T13:43:45.392895+00:00,OK
300.000,0.8000,51.0845,852,2026-03-16T13:43:46.477853+00:00,ABORT_SAFETY
330.000,0.0000,0.0043,853,2026-03-16T13:43:47.679880+00:00,OK
330.000,0.0500,2.3144,854,2026-03-16T13:43:48.770643+00:00,OK
330.000,0.1000,5.8539,855,2026-03-16T13:43:49.797173+00:00,OK
330.000,0.1500,9.4283,856,2026-03-16T13:43:50.882167+00:00,OK
330.000,0.2000,13.0418,857,2026-03-16T13:43:51.933146+00:00,OK
330.000,0.2500,16.6416,858,2026-03-16T13:43:53.000758+00:00,OK
330.000,0.3000,20.2103,859,2026-03-16T13:43:54.052865+00:00,OK
330.000,0.3500,23.8959,860,2026-03-16T13:43:55.102498+00:00,OK
330.000,0.4000,27.5617,861,2026-03-16T13:43:56.137363+00:00,OK
330.000,0.4500,31.1960,862,2026-03-16T13:43:57.179278+00:00,OK
330.000,0.5000,34.8141,863,2026-03-16T13:43:58.239529+00:00,OK
330.000,0.5500,38.3887,864,2026-03-16T13:43:59.306622+00:00,OK
330.000,0.6000,42.0200,865,2026-03-16T13:44:00.340904+00:00,OK
330.000,0.6500,45.6371,866,2026-03-16T13:44:01.392200+00:00,OK
330.000,0.7000,49.1781,867,2026-03-16T13:44:02.478419+00:00,OK
330.000,0.7500,52.6157,868,2026-03-16T13:44:03.491353+00:00,ABORT_SAFETY
